{"cameraMode":{"drawMode":0,"name":"Shaded","section":"Shading Mode"},"sceneLighting":true,"audioPlay":false,"sceneViewState":{"m_AlwaysRefresh":false,"showFog":true,"showSkybox":true,"showFlares":true,"showImageEffects":true,"showParticleSystems":true,"showVisualEffectGraphs":true,"m_FxEnabled":false},"in2DMode":false,"pivot":{"x":0.6167473196983337,"y":1.4941339492797852,"z":-0.6206933259963989},"rotation":{"x":0.01934090256690979,"y":0.9785798788070679,"z":-0.1735260784626007,"w":0.10907065868377686},"size":2.250713348388672,"orthographic":false}